customer_id,recency_days,purchase_frequency,annual_spend,engagement_score,discount_share,return_rate,satisfaction_score,age,region,preferred_channel,acquisition_source,demo_truth
C00514,51.0,2.0,1284.09,4.49,0.032,0.053,7.5,42.0,North,Organic,Partner,Premium occasionals
C00444,276.0,3.0,143.29,2.96,0.378,0.184,5.9,55.0,East,Organic,Search,Dormant buyers
C00122,12.0,12.0,1094.16,6.79,0.359,0.209,9.2,38.0,South,Email,Partner,Loyal regulars
C00390,344.0,1.0,215.23,0.61,0.282,0.003,5.7,32.0,South,Organic,Social,Dormant buyers
C00499,51.0,3.0,1543.73,3.18,0.008,0.07,7.6,29.0,South,Paid social,Referral,Premium occasionals
C00115,18.0,18.0,1376.63,8.78,0.039,0.107,8.0,58.0,West,Organic,Search,Loyal regulars
C00145,6.0,14.0,802.29,7.83,0.293,0.067,9.0,60.0,East,Store,Search,Loyal regulars
C00554,120.0,4.0,1147.98,4.96,0.047,0.008,8.0,41.0,South,Email,Retail,Premium occasionals
C00313,63.0,9.0,395.23,4.75,0.42,0.24,7.2,40.0,North,Organic,Retail,Deal explorers
C00263,75.0,5.0,383.46,6.23,0.396,0.11,8.2,24.0,East,Paid social,Referral,Deal explorers
C00040,29.0,12.0,805.66,7.63,0.221,0.086,9.1,60.0,South,Organic,Referral,Loyal regulars
C00541,3.0,4.0,1728.08,,0.04,0.006,8.4,41.0,West,Store,Retail,Premium occasionals
C00306,65.0,7.0,343.02,10.0,0.87,0.064,6.8,45.0,South,Email,Referral,Deal explorers
C00315,39.0,8.0,382.25,8.7,0.543,0.103,6.5,29.0,South,Email,Search,Deal explorers
C00476,162.0,3.0,208.21,1.07,0.43,0.23,5.8,55.0,East,Email,Retail,Dormant buyers
C00142,0.0,15.0,1233.59,8.46,0.245,0.071,7.9,20.0,North,Email,Retail,Loyal regulars
C00563,76.0,4.0,895.01,5.43,0.028,0.068,8.4,51.0,North,Organic,Retail,Premium occasionals
C00045,26.0,16.0,1479.33,7.07,0.398,0.032,8.3,37.0,East,Store,Retail,Loyal regulars
C00372,173.0,2.0,113.09,0.8,0.113,0.033,3.6,35.0,South,Organic,Social,Dormant buyers
C00290,60.0,4.0,547.66,9.15,0.338,0.068,7.6,38.0,North,Email,Retail,Deal explorers
C00204,67.0,5.0,203.72,8.68,0.725,0.1,7.6,35.0,South,Email,Search,Deal explorers
C00231,34.0,4.0,185.93,5.83,0.652,0.086,6.2,42.0,South,Email,Referral,Deal explorers
C00211,55.0,5.0,325.78,6.11,0.895,0.201,7.4,38.0,East,Store,Social,Deal explorers
C00275,57.0,2.0,376.84,7.49,0.504,0.127,7.1,21.0,North,Email,Social,Deal explorers
C00063,5.0,17.0,1305.06,8.87,0.087,0.127,9.0,32.0,North,Email,Retail,Loyal regulars
C00243,39.0,6.0,400.52,8.98,0.824,0.212,6.9,40.0,West,,Referral,Deal explorers
C00443,310.0,1.0,20.0,1.69,0.131,0.206,5.5,21.0,North,Email,Retail,Dormant buyers
C00155,29.0,11.0,1208.74,8.69,0.16,0.308,8.6,36.0,East,Paid social,Retail,Loyal regulars
C00030,20.0,15.0,1209.27,9.26,0.087,0.022,9.5,32.0,North,Email,Referral,Loyal regulars
C00116,40.0,15.0,874.1,7.29,0.217,0.04,8.3,57.0,North,Email,Partner,Loyal regulars
C00382,163.0,2.0,101.89,3.64,0.376,0.083,5.7,52.0,East,Paid social,Retail,Dormant buyers
C00550,67.0,2.0,1119.59,,0.007,0.13,7.2,56.0,East,Organic,Referral,Premium occasionals
C00160,28.0,6.0,988.92,8.52,0.058,0.146,9.9,33.0,North,Email,Search,Loyal regulars
C00422,299.0,3.0,247.57,3.03,0.424,0.042,5.4,29.0,North,Email,Social,Dormant buyers
C00085,23.0,15.0,670.23,6.34,0.296,0.028,8.0,58.0,North,Email,Referral,Loyal regulars
C00574,77.0,2.0,992.55,4.39,0.223,0.021,8.4,18.0,East,Email,Social,Premium occasionals
C00161,26.0,14.0,1290.69,5.48,0.139,0.073,9.2,46.0,South,Organic,Partner,Loyal regulars
C00209,46.0,7.0,471.87,6.83,0.894,0.201,7.1,34.0,South,Paid social,Search,Deal explorers
C00131,0.0,14.0,1180.06,9.57,0.312,0.046,7.4,39.0,South,Email,Retail,Loyal regulars
C00024,16.0,15.0,1044.33,8.11,0.057,0.019,8.9,45.0,West,Store,Retail,Loyal regulars
C00506,54.0,2.0,1660.6,4.56,0.026,0.168,8.8,60.0,South,Store,Search,Premium occasionals
C00236,52.0,4.0,448.84,9.51,0.725,0.084,7.3,41.0,East,Email,Referral,Deal explorers
C00345,287.0,2.0,155.35,0.7,0.511,0.087,6.6,39.0,West,Paid social,Referral,Dormant buyers
C00467,180.0,2.0,76.49,2.77,0.491,0.066,6.4,34.0,North,,Search,Dormant buyers
C00486,0.0,2.0,1512.14,3.18,0.065,0.051,7.8,29.0,South,Store,Partner,Premium occasionals
C00458,364.0,1.0,71.49,0.34,0.211,0.042,6.7,41.0,North,Store,Search,Dormant buyers
C00062,5.0,18.0,1428.6,7.85,0.198,0.052,8.3,20.0,North,Email,Social,Loyal regulars
C00247,29.0,4.0,242.11,6.54,0.836,0.185,6.1,54.0,North,Paid social,Referral,Deal explorers
C00248,65.0,4.0,357.83,7.16,0.781,0.134,5.8,25.0,East,Organic,Retail,Deal explorers
C00198,37.0,5.0,258.86,5.64,0.452,0.161,7.9,25.0,South,Organic,Social,Deal explorers
C00195,9.0,5.0,648.26,7.48,0.527,0.23,8.1,46.0,East,Email,Retail,Deal explorers
C00521,112.0,4.0,1037.89,3.43,0.007,0.026,7.8,50.0,South,Organic,Social,Premium occasionals
C00174,35.0,17.0,1233.92,7.08,0.26,0.008,9.2,51.0,West,Email,Social,Loyal regulars
C00017,13.0,11.0,991.58,8.62,0.086,0.089,8.5,37.0,South,Email,Referral,Loyal regulars
C00280,86.0,8.0,458.97,6.51,0.61,0.162,5.8,25.0,West,Organic,Partner,Deal explorers
C00532,104.0,4.0,2015.02,4.2,0.039,0.031,8.6,25.0,West,,Social,Premium occasionals
C00373,252.0,2.0,79.66,2.51,0.125,0.051,6.8,50.0,South,Paid social,Partner,Dormant buyers
C00277,40.0,4.0,301.26,8.36,0.747,0.132,6.5,46.0,North,Paid social,Referral,Deal explorers
C00022,27.0,16.0,787.87,8.59,0.068,0.095,6.7,39.0,South,Store,Partner,Loyal regulars
C00256,50.0,4.0,540.43,7.35,0.775,0.186,6.4,32.0,North,Organic,Search,Deal explorers
C00207,53.0,8.0,541.16,6.32,0.664,0.131,7.4,28.0,North,Email,Social,Deal explorers
C00294,71.0,7.0,380.3,7.12,0.586,0.089,7.0,34.0,East,Paid social,Referral,Deal explorers
C00187,89.0,8.0,341.64,7.73,0.823,0.069,8.8,24.0,North,Paid social,Referral,Deal explorers
C00169,7.0,8.0,1528.54,10.0,0.045,0.071,7.3,42.0,West,Paid social,Search,Loyal regulars
C00599,69.0,3.0,1498.22,4.18,0.039,0.059,7.7,44.0,West,Paid social,Retail,Premium occasionals
C00252,63.0,9.0,560.51,7.86,0.749,0.158,6.3,25.0,North,Organic,Referral,Deal explorers
C00322,83.0,4.0,293.46,7.24,0.756,0.113,8.3,42.0,South,Email,Search,Deal explorers
C00593,63.0,3.0,1703.99,4.54,0.266,0.014,7.3,28.0,North,Paid social,Social,Premium occasionals
C00578,77.0,3.0,1255.16,2.61,0.022,0.067,8.2,42.0,East,Store,Partner,Premium occasionals
C00442,238.0,1.0,20.0,1.93,0.4,0.056,6.6,34.0,South,Paid social,Search,Dormant buyers
C00548,97.0,4.0,1054.06,4.21,0.146,0.052,8.7,35.0,South,Paid social,Social,Premium occasionals
C00590,35.0,2.0,1181.75,2.18,0.047,0.081,8.3,29.0,South,Paid social,Retail,Premium occasionals
C00331,312.0,1.0,181.79,3.39,0.373,0.042,5.4,52.0,North,Paid social,Referral,Dormant buyers
C00371,298.0,4.0,155.61,1.54,0.323,0.224,6.3,56.0,West,Store,Retail,Dormant buyers
C00338,135.0,1.0,59.37,1.55,0.323,0.106,5.6,37.0,North,Email,Search,Dormant buyers
C00595,88.0,2.0,2162.63,4.91,0.129,0.101,7.8,41.0,West,Paid social,Search,Premium occasionals
C00104,13.0,11.0,560.65,7.78,0.236,0.179,8.4,41.0,South,Email,Social,Loyal regulars
C00566,93.0,2.0,1356.71,7.04,0.13,0.031,7.6,61.0,South,Organic,Search,Premium occasionals
C00084,24.0,17.0,997.3,8.13,0.163,0.197,7.8,39.0,South,Email,Referral,Loyal regulars
C00539,33.0,3.0,1716.77,4.78,0.146,0.083,9.0,35.0,North,Store,Referral,Premium occasionals
C00432,369.0,3.0,56.35,1.62,0.374,0.071,5.1,47.0,West,Organic,Social,Dormant buyers
C00206,72.0,6.0,499.74,8.98,0.737,0.27,6.7,20.0,East,Paid social,Partner,Deal explorers
C00549,109.0,3.0,1751.09,3.8,0.203,0.07,7.8,45.0,South,Email,Partner,Premium occasionals
C00072,9.0,15.0,1240.0,7.78,0.374,0.17,9.7,38.0,West,Store,Referral,Loyal regulars
C00009,15.0,4.0,679.34,6.36,0.06,0.033,9.8,35.0,South,Organic,Partner,Loyal regulars
C00367,232.0,3.0,133.43,0.0,0.506,0.072,6.1,39.0,East,Paid social,Social,Dormant buyers
C00058,22.0,17.0,1227.14,9.09,0.121,0.067,7.7,48.0,South,Email,Retail,Loyal regulars
C00087,9.0,9.0,884.51,8.02,0.203,0.065,8.9,54.0,East,Email,Partner,Loyal regulars
C00051,39.0,14.0,910.14,6.92,0.25,0.049,10.0,49.0,West,Email,Search,Loyal regulars
C00259,51.0,7.0,349.1,5.24,0.352,0.154,6.8,47.0,East,Paid social,Referral,Deal explorers
C00388,265.0,3.0,164.42,0.0,0.311,0.119,6.1,46.0,West,Organic,Social,Dormant buyers
C00093,0.0,14.0,793.67,9.64,0.06,0.007,7.4,27.0,West,Email,Social,Loyal regulars
C00357,223.0,2.0,215.17,0.95,0.44,0.132,5.3,51.0,South,Email,Partner,Dormant buyers
C00406,202.0,3.0,20.0,0.41,0.192,0.189,5.9,47.0,South,Email,Search,Dormant buyers
C00176,0.0,21.0,1117.92,8.23,0.247,0.034,8.6,55.0,West,Paid social,Referral,Loyal regulars
C00226,30.0,8.0,452.63,5.41,0.773,0.332,7.6,49.0,West,Email,Social,Deal explorers
C00358,274.0,3.0,134.93,3.44,0.081,0.097,6.1,51.0,South,Paid social,Retail,Dormant buyers
C00561,69.0,3.0,1047.28,5.43,0.056,0.183,8.6,56.0,East,Email,Social,Premium occasionals
C00208,44.0,5.0,414.95,7.51,0.816,0.163,7.5,21.0,West,Paid social,Social,Deal explorers
C00426,202.0,3.0,133.98,1.98,0.549,0.055,6.5,38.0,East,Email,Partner,Dormant buyers
C00077,16.0,17.0,1083.61,9.46,0.037,0.039,8.7,31.0,East,Store,Partner,Loyal regulars
C00592,54.0,2.0,1406.1,4.91,0.306,0.08,8.7,40.0,South,Store,Search,Premium occasionals
C00003,0.0,18.0,859.88,6.79,0.202,0.106,8.0,53.0,South,Email,Referral,Loyal regulars
C00165,53.0,14.0,1188.92,7.45,0.082,0.023,9.3,39.0,North,Organic,Referral,Loyal regulars
C00558,10.0,2.0,1820.15,5.05,0.024,0.003,8.0,34.0,South,Organic,Referral,Premium occasionals
C00221,78.0,6.0,704.12,6.43,0.73,0.132,6.2,26.0,West,Organic,Referral,Deal explorers
C00410,325.0,1.0,246.29,0.77,0.331,0.155,4.9,45.0,East,Organic,Social,Dormant buyers
C00079,35.0,17.0,827.59,6.31,0.363,0.019,7.9,18.0,West,Organic,Social,Loyal regulars
C00380,275.0,3.0,131.47,3.93,0.415,0.135,6.6,39.0,South,Organic,Referral,Dormant buyers
C00073,47.0,14.0,815.25,7.06,0.219,0.057,7.0,24.0,North,Email,Retail,Loyal regulars
C00237,36.0,6.0,274.99,7.8,0.832,0.141,6.5,43.0,West,Paid social,Partner,Deal explorers
C00002,21.0,17.0,899.02,6.38,0.411,0.126,7.8,43.0,South,Email,Retail,Loyal regulars
C00567,94.0,3.0,1109.21,4.05,0.028,0.008,7.0,20.0,North,Email,Partner,Premium occasionals
C00112,0.0,12.0,1086.68,4.53,0.069,0.148,7.6,20.0,North,Email,Partner,Loyal regulars
C00594,115.0,3.0,1794.4,4.78,0.064,0.026,6.1,44.0,North,Paid social,Partner,Premium occasionals
C00328,45.0,4.0,350.18,9.8,0.81,0.065,6.7,21.0,North,Email,Social,Deal explorers
C00255,75.0,4.0,476.3,5.71,0.652,0.072,6.9,33.0,South,Email,Referral,Deal explorers
C00562,117.0,3.0,1255.54,4.11,0.015,0.001,9.3,55.0,East,Email,Search,Premium occasionals
C00135,12.0,16.0,1161.9,7.65,0.216,0.006,8.5,36.0,East,Organic,Social,Loyal regulars
C00441,250.0,2.0,62.91,1.27,0.45,0.07,3.9,56.0,North,Email,Referral,Dormant buyers
C00600,73.0,4.0,1215.98,2.94,0.161,0.064,7.3,40.0,East,Organic,Referral,Premium occasionals
C00269,46.0,7.0,621.39,7.03,0.498,0.107,7.9,35.0,South,Paid social,Retail,Deal explorers
C00305,41.0,7.0,456.62,7.47,0.837,0.117,6.2,51.0,South,Paid social,Social,Deal explorers
C00321,25.0,3.0,365.34,8.7,0.865,0.157,7.0,47.0,South,Paid social,Partner,Deal explorers
C00081,38.0,15.0,1547.76,8.85,0.332,0.045,8.6,50.0,East,Email,Retail,Loyal regulars
C00395,326.0,2.0,108.3,1.94,0.344,0.008,7.0,52.0,North,Organic,Referral,Dormant buyers
C00149,18.0,13.0,1208.4,10.0,0.14,0.103,9.1,56.0,South,Store,Referral,Loyal regulars
C00333,107.0,2.0,84.94,1.98,0.311,0.08,5.3,38.0,East,Email,Search,Dormant buyers
C00056,18.0,11.0,927.11,6.53,0.35,0.072,7.4,46.0,North,Email,Partner,Loyal regulars
C00531,44.0,3.0,1163.03,2.49,0.158,0.025,7.9,39.0,South,Organic,Search,Premium occasionals
C00015,20.0,16.0,1285.91,7.25,0.214,0.035,7.4,43.0,South,Paid social,Search,Loyal regulars
C00219,26.0,6.0,386.61,7.92,0.877,0.145,6.9,34.0,East,Paid social,Partner,Deal explorers
C00200,53.0,7.0,374.19,6.97,0.947,0.08,7.4,31.0,West,Email,Search,Deal explorers
C00057,14.0,17.0,1177.77,8.98,0.101,0.067,8.5,25.0,East,Organic,Retail,Loyal regulars
C00055,12.0,21.0,1389.85,7.57,0.091,0.058,6.8,22.0,South,Paid social,Partner,Loyal regulars
C00234,41.0,5.0,461.05,7.66,0.829,0.159,8.4,18.0,South,Store,Partner,Deal explorers
C00463,243.0,1.0,103.1,0.23,0.265,0.071,5.3,29.0,North,,Social,Dormant buyers
C00349,46.0,2.0,154.57,1.68,0.399,0.038,5.6,55.0,West,Organic,Search,Dormant buyers
C00457,272.0,1.0,96.84,1.68,0.538,0.103,6.4,47.0,South,Store,Partner,Dormant buyers
C00038,12.0,13.0,926.72,7.95,0.058,0.036,8.1,53.0,South,Organic,Social,Loyal regulars
C00031,3.0,14.0,1396.05,8.34,0.118,0.147,10.0,45.0,South,Email,Search,Loyal regulars
C00212,85.0,6.0,407.24,7.85,0.639,0.07,7.3,32.0,South,Paid social,Social,Deal explorers
C00006,14.0,18.0,893.73,8.28,0.268,0.163,8.6,47.0,North,Organic,Partner,Loyal regulars
C00185,70.0,7.0,287.32,6.08,0.658,0.071,6.3,36.0,West,Organic,Retail,Deal explorers
C00184,64.0,7.0,400.2,6.09,0.527,0.028,7.1,19.0,East,Organic,Retail,Deal explorers
C00318,59.0,9.0,483.2,7.1,0.687,0.22,8.9,37.0,East,Email,Search,Deal explorers
C00323,90.0,2.0,479.6,8.15,0.646,0.126,8.5,46.0,East,Organic,Search,Deal explorers
C00254,90.0,11.0,602.63,7.34,0.639,0.066,7.2,18.0,North,Email,Referral,Deal explorers
C00102,18.0,15.0,1153.95,8.24,0.125,0.051,6.6,52.0,East,Email,Retail,Loyal regulars
C00120,24.0,16.0,1202.97,8.65,0.152,0.013,10.0,18.0,South,Email,Partner,Loyal regulars
C00042,10.0,13.0,761.25,7.88,0.084,0.172,8.7,39.0,East,Email,Retail,Loyal regulars
C00004,36.0,13.0,1119.61,9.1,0.153,0.138,8.0,27.0,North,Email,Referral,Loyal regulars
C00386,123.0,1.0,45.34,2.79,0.304,0.159,3.7,53.0,South,Paid social,Referral,Dormant buyers
C00103,30.0,16.0,793.8,6.87,0.151,0.032,8.8,64.0,North,Paid social,Referral,Loyal regulars
C00264,0.0,10.0,416.0,9.65,0.815,0.161,6.9,30.0,West,Organic,Referral,Deal explorers
C00530,121.0,3.0,1991.09,2.78,0.073,0.053,7.5,26.0,South,Paid social,Search,Premium occasionals
C00110,33.0,13.0,1081.96,7.05,0.12,0.08,7.2,33.0,North,Organic,Referral,Loyal regulars
C00114,10.0,13.0,1328.98,8.32,0.243,0.053,8.7,38.0,East,Email,Search,Loyal regulars
C00178,12.0,16.0,1055.66,7.12,0.215,0.205,6.7,32.0,South,Store,Referral,Loyal regulars
C00285,7.0,6.0,394.86,5.27,0.705,0.116,8.2,20.0,East,Organic,Partner,Deal explorers
C00385,268.0,3.0,116.21,3.16,0.571,0.126,5.0,33.0,South,Paid social,Referral,Dormant buyers
C00274,53.0,7.0,463.45,8.06,0.584,0.115,7.2,24.0,South,Paid social,Referral,Deal explorers
C00528,89.0,4.0,1912.85,4.72,0.135,0.083,8.2,30.0,North,Store,Partner,Premium occasionals
C00424,228.0,2.0,110.62,1.22,0.11,0.096,6.3,29.0,North,Email,Retail,Dormant buyers
C00097,13.0,14.0,879.13,7.74,0.392,0.029,8.1,43.0,North,Organic,Retail,Loyal regulars
C00152,15.0,16.0,1891.42,5.3,0.084,0.235,9.3,60.0,South,Organic,Partner,Loyal regulars
C00337,260.0,4.0,71.07,1.8,0.353,0.234,6.0,27.0,East,Paid social,Partner,Dormant buyers
C00016,10.0,11.0,1055.82,7.1,0.071,0.017,8.2,32.0,South,Email,Retail,Loyal regulars
C00261,6.0,5.0,335.92,7.03,0.629,0.034,7.6,35.0,East,Paid social,Referral,Deal explorers
C00339,228.0,3.0,38.09,2.25,0.067,0.023,3.8,45.0,East,Store,Partner,Dormant buyers
C00469,313.0,2.0,233.46,1.4,0.069,0.16,5.6,61.0,North,Organic,Social,Dormant buyers
C00579,21.0,5.0,1669.36,5.22,0.033,0.036,8.0,29.0,East,Organic,Social,Premium occasionals
C00364,337.0,3.0,165.65,1.31,0.386,0.089,5.3,31.0,West,Organic,Referral,Dormant buyers
C00577,88.0,4.0,1293.77,3.87,0.096,0.051,9.5,48.0,East,Organic,Search,Premium occasionals
C00483,37.0,3.0,785.73,4.8,0.017,0.049,7.0,45.0,South,Paid social,Retail,Premium occasionals
C00584,111.0,2.0,1873.17,2.19,0.094,0.018,8.7,24.0,East,Email,Referral,Premium occasionals
C00591,156.0,4.0,1218.03,2.41,0.072,0.011,7.0,38.0,North,Email,Retail,Premium occasionals
C00092,0.0,20.0,848.69,7.55,0.33,0.069,9.5,47.0,North,Email,Search,Loyal regulars
C00376,225.0,2.0,56.18,1.5,0.46,0.029,6.3,54.0,East,,Search,Dormant buyers
C00332,207.0,3.0,141.02,2.87,0.17,0.065,7.2,30.0,North,Organic,Partner,Dormant buyers
C00008,22.0,14.0,1181.07,9.17,0.06,0.107,8.6,43.0,North,Email,Referral,Loyal regulars
C00356,187.0,2.0,143.07,1.43,0.443,0.121,6.0,50.0,West,Email,Social,Dormant buyers
C00266,88.0,9.0,477.47,4.96,0.467,0.094,7.2,25.0,East,Paid social,Partner,Deal explorers
C00182,18.0,7.0,585.26,5.91,0.912,0.086,6.5,33.0,West,Paid social,Partner,Deal explorers
C00466,210.0,2.0,60.3,1.8,0.382,0.229,5.5,46.0,North,Store,Retail,Dormant buyers
C00461,189.0,1.0,97.43,3.04,0.223,0.078,5.0,47.0,North,Store,Referral,Dormant buyers
C00291,87.0,8.0,420.88,9.48,0.831,0.142,6.9,33.0,West,Paid social,Referral,Deal explorers
C00473,151.0,2.0,121.65,0.82,0.471,0.044,6.4,48.0,North,Email,Partner,Dormant buyers
C00166,6.0,14.0,1249.2,8.89,0.237,0.124,9.5,52.0,East,Email,Search,Loyal regulars
C00146,38.0,14.0,1177.25,8.46,0.202,0.068,7.2,32.0,North,Email,Retail,Loyal regulars
C00222,38.0,1.0,484.91,5.54,0.834,0.081,7.7,23.0,East,Paid social,Retail,Deal explorers
C00330,88.0,8.0,319.12,,0.59,0.118,7.3,23.0,East,Paid social,Social,Deal explorers
C00552,85.0,1.0,1112.96,2.9,0.117,0.051,6.6,49.0,South,Store,Partner,Premium occasionals
C00191,83.0,5.0,364.38,5.61,0.515,0.225,6.4,40.0,West,Store,Partner,Deal explorers
C00409,311.0,3.0,156.89,0.44,0.508,0.031,7.2,43.0,North,Organic,Search,Dormant buyers
C00374,89.0,2.0,135.59,0.64,0.174,0.094,5.9,37.0,West,Paid social,Partner,Dormant buyers
C00589,98.0,5.0,712.09,5.85,0.002,0.035,8.0,51.0,North,Organic,Referral,Premium occasionals
C00344,299.0,1.0,73.61,1.52,0.163,0.019,6.2,53.0,East,Email,Social,Dormant buyers
C00540,118.0,3.0,1026.99,4.29,0.075,0.008,7.7,49.0,East,Store,Search,Premium occasionals
C00454,259.0,2.0,47.57,1.65,0.481,0.048,7.0,22.0,West,Email,Retail,Dormant buyers
C00310,66.0,4.0,588.28,,0.618,0.123,8.0,22.0,East,Organic,Retail,Deal explorers
C00493,86.0,4.0,1028.21,3.29,0.004,0.051,7.0,49.0,East,Organic,Partner,Premium occasionals
C00492,64.0,2.0,1574.22,3.77,0.09,0.017,7.3,38.0,South,Organic,Search,Premium occasionals
C00569,99.0,5.0,970.04,5.18,0.117,0.02,8.1,18.0,South,Email,Retail,Premium occasionals
C00197,40.0,6.0,379.59,4.51,0.685,0.169,7.7,40.0,South,Organic,Retail,Deal explorers
C00378,252.0,4.0,172.42,2.5,0.226,0.105,4.9,28.0,East,Store,Social,Dormant buyers
C00462,69.0,4.0,256.62,1.68,0.35,0.243,5.4,32.0,South,,Search,Dormant buyers
C00361,239.0,2.0,190.32,2.39,0.369,0.032,5.9,47.0,North,Email,Referral,Dormant buyers
C00201,16.0,8.0,217.22,8.47,0.845,0.119,7.2,39.0,West,Organic,Partner,Deal explorers
C00477,277.0,5.0,131.12,1.4,0.691,0.188,4.3,44.0,East,Email,Partner,Dormant buyers
C00007,14.0,17.0,894.11,9.01,0.163,0.039,8.8,60.0,North,Email,Social,Loyal regulars
C00196,55.0,5.0,494.28,8.12,0.531,0.201,6.8,34.0,East,Paid social,Referral,Deal explorers
C00440,270.0,3.0,205.4,2.24,0.36,0.188,6.8,37.0,East,Organic,Search,Dormant buyers
C00127,21.0,15.0,1017.39,5.97,0.251,0.033,8.8,42.0,West,Paid social,Search,Loyal regulars
C00355,240.0,3.0,20.0,,0.24,0.02,4.5,41.0,North,Organic,Partner,Dormant buyers
C00415,304.0,2.0,138.45,1.21,0.621,0.059,7.1,36.0,West,Email,Search,Dormant buyers
C00240,66.0,10.0,351.43,6.15,0.786,0.222,6.0,46.0,South,Paid social,Search,Deal explorers
C00460,430.0,2.0,136.99,1.81,0.203,0.042,6.5,25.0,East,Organic,Retail,Dormant buyers
C00144,21.0,13.0,755.87,8.2,0.134,0.015,7.1,36.0,West,Email,Retail,Loyal regulars
C00139,5.0,18.0,1217.53,9.21,0.197,0.043,8.0,44.0,East,Store,Referral,Loyal regulars
C00012,25.0,14.0,937.07,5.73,0.229,0.054,7.8,27.0,East,Organic,Retail,Loyal regulars
C00405,215.0,4.0,139.55,2.62,0.263,0.056,5.9,47.0,South,Store,Search,Dormant buyers
C00568,109.0,3.0,1360.48,4.14,0.059,0.003,9.0,45.0,North,,Retail,Premium occasionals
C00215,64.0,8.0,420.9,8.7,0.81,0.063,7.4,29.0,West,Store,Retail,Deal explorers
C00281,54.0,4.0,510.96,6.39,0.798,0.078,8.0,22.0,North,Organic,Retail,Deal explorers
C00245,110.0,2.0,407.54,6.15,0.737,0.35,5.3,66.0,West,Organic,Retail,Deal explorers
C00425,286.0,1.0,91.73,0.9,0.302,0.065,5.8,41.0,South,Paid social,Search,Dormant buyers
C00158,0.0,13.0,1159.77,7.8,0.239,0.257,7.7,52.0,West,Email,Social,Loyal regulars
C00324,96.0,4.0,554.23,8.94,0.848,0.256,6.3,35.0,South,Paid social,Retail,Deal explorers
C00100,4.0,18.0,895.88,7.78,0.226,0.205,8.8,37.0,South,Store,Retail,Loyal regulars
C00134,0.0,15.0,1286.62,,0.256,0.061,7.5,49.0,West,Email,Partner,Loyal regulars
C00159,24.0,13.0,1349.94,7.91,0.109,0.09,9.4,34.0,North,Email,Retail,Loyal regulars
C00043,7.0,13.0,1080.3,7.55,0.07,0.091,8.9,39.0,East,Email,Partner,Loyal regulars
C00416,205.0,2.0,223.08,1.95,0.518,0.105,7.0,31.0,North,Organic,Retail,Dormant buyers
C00041,21.0,10.0,652.16,8.97,0.308,0.09,8.1,27.0,South,Email,Social,Loyal regulars
C00019,16.0,15.0,1161.38,6.62,0.194,0.097,8.3,25.0,South,Paid social,Search,Loyal regulars
C00488,66.0,2.0,1710.92,,0.142,0.125,8.2,46.0,East,Email,Search,Premium occasionals
C00199,15.0,2.0,242.4,8.28,0.891,0.259,7.2,21.0,East,Organic,Partner,Deal explorers
C00427,33.0,1.0,129.36,2.09,0.551,0.127,6.2,54.0,South,Paid social,Partner,Dormant buyers
C00565,99.0,3.0,1572.16,3.29,0.065,0.037,8.5,58.0,North,Store,Retail,Premium occasionals
C00013,17.0,17.0,1013.01,7.67,0.177,0.044,8.4,37.0,South,Organic,Partner,Loyal regulars
C00128,39.0,10.0,1436.38,9.0,0.239,0.07,8.4,30.0,North,Email,Partner,Loyal regulars
C00101,0.0,19.0,1551.41,8.01,0.115,0.067,8.5,33.0,North,Email,Partner,Loyal regulars
C00190,60.0,6.0,319.78,7.55,0.781,0.097,6.8,18.0,East,Paid social,Referral,Deal explorers
C00505,86.0,4.0,1808.52,4.62,0.004,0.026,5.9,45.0,South,Email,Partner,Premium occasionals
C00523,68.0,5.0,1263.22,6.19,0.005,0.212,8.8,37.0,South,Store,Search,Premium occasionals
C00032,36.0,16.0,486.77,7.78,0.284,0.057,9.8,50.0,West,Paid social,Social,Loyal regulars
C00205,55.0,6.0,355.72,7.36,0.823,0.037,6.1,49.0,West,Paid social,Referral,Deal explorers
C00235,80.0,6.0,377.15,6.13,0.716,0.065,5.5,24.0,North,Organic,Retail,Deal explorers
C00575,103.0,3.0,1120.74,4.8,0.011,0.051,7.7,42.0,West,Email,Search,Premium occasionals
C00517,45.0,3.0,1179.27,,0.114,0.017,9.2,33.0,North,Organic,Retail,Premium occasionals
C00192,78.0,6.0,263.6,7.49,0.914,0.226,6.9,21.0,North,Paid social,Retail,Deal explorers
C00133,29.0,12.0,713.48,7.39,0.083,0.081,8.0,30.0,South,Email,Search,Loyal regulars
C00487,102.0,3.0,919.8,3.55,0.134,0.149,8.2,59.0,South,Store,Partner,Premium occasionals
C00502,74.0,4.0,1194.33,5.42,0.141,0.03,7.8,28.0,North,Store,Referral,Premium occasionals
C00491,69.0,4.0,1731.39,5.15,0.005,0.103,7.7,29.0,South,Organic,Search,Premium occasionals
C00446,111.0,1.0,219.01,1.96,0.061,0.072,7.9,33.0,South,Organic,Search,Dormant buyers
C00036,27.0,15.0,1256.29,6.47,0.292,0.018,8.7,30.0,North,Organic,Search,Loyal regulars
C00262,59.0,3.0,128.07,8.94,0.789,0.128,7.5,37.0,East,Email,Retail,Deal explorers
C00284,57.0,6.0,716.47,7.59,0.91,0.117,7.1,29.0,North,Paid social,Referral,Deal explorers
C00430,349.0,3.0,48.49,3.28,0.557,0.01,4.9,37.0,South,Organic,Referral,Dormant buyers
C00559,29.0,3.0,1699.56,1.64,0.037,0.124,8.6,37.0,East,Store,Partner,Premium occasionals
C00478,235.0,1.0,20.0,2.21,0.223,0.122,5.8,50.0,South,,Retail,Dormant buyers
C00157,12.0,17.0,764.19,9.38,0.114,0.113,7.6,34.0,South,Email,Social,Loyal regulars
C00387,218.0,2.0,108.6,3.4,0.364,0.109,6.6,47.0,South,Email,Partner,Dormant buyers
C00132,4.0,17.0,827.49,6.12,0.32,0.075,9.5,32.0,East,Paid social,Search,Loyal regulars
C00301,43.0,4.0,264.87,8.72,0.772,0.191,6.6,35.0,South,Paid social,Referral,Deal explorers
C00512,60.0,4.0,1750.49,3.57,0.131,0.025,7.4,53.0,North,Email,Partner,Premium occasionals
C00088,15.0,11.0,797.85,7.3,0.109,0.023,8.2,39.0,East,Email,Social,Loyal regulars
C00137,29.0,12.0,810.54,8.42,0.046,0.057,9.5,45.0,South,Email,Social,Loyal regulars
C00484,113.0,5.0,470.34,3.18,0.078,0.088,7.3,26.0,East,Email,Retail,Premium occasionals
C00214,73.0,4.0,309.09,4.32,0.797,0.063,7.1,35.0,East,Paid social,Search,Deal explorers
C00011,27.0,15.0,832.06,7.94,0.032,0.074,9.1,56.0,South,Email,Retail,Loyal regulars
C00555,80.0,2.0,1382.32,3.69,0.069,0.094,7.5,32.0,North,Paid social,Social,Premium occasionals
C00513,50.0,2.0,732.76,3.9,0.109,0.006,8.1,35.0,South,Organic,Referral,Premium occasionals
C00173,9.0,20.0,574.79,7.56,0.296,0.028,8.8,42.0,West,Store,Social,Loyal regulars
C00453,261.0,2.0,20.0,0.88,0.316,0.08,4.1,39.0,North,Paid social,Search,Dormant buyers
C00108,25.0,15.0,447.84,7.83,0.348,0.081,8.5,46.0,West,Organic,Social,Loyal regulars
C00504,74.0,1.0,1108.98,4.37,0.047,0.049,9.2,41.0,South,Email,Search,Premium occasionals
C00529,78.0,1.0,914.02,4.41,0.289,0.007,8.8,39.0,North,Email,Referral,Premium occasionals
C00283,19.0,10.0,561.85,8.35,0.943,0.067,7.2,43.0,East,Store,Search,Deal explorers
C00496,16.0,4.0,1241.87,1.93,0.006,0.03,6.9,56.0,South,Email,Referral,Premium occasionals
C00553,83.0,2.0,1517.8,2.2,0.005,0.048,7.5,24.0,North,Store,Social,Premium occasionals
C00489,26.0,2.0,984.47,3.17,0.007,0.009,8.7,37.0,East,Store,Partner,Premium occasionals
C00095,20.0,15.0,1367.85,8.42,0.281,0.02,8.3,47.0,North,Email,Partner,Loyal regulars
C00407,334.0,1.0,56.38,0.67,0.527,0.031,5.0,54.0,East,Paid social,Retail,Dormant buyers
C00129,14.0,13.0,856.88,8.09,0.217,0.048,8.5,61.0,North,Store,Partner,Loyal regulars
C00452,151.0,3.0,148.33,1.46,0.388,0.219,6.7,47.0,West,Store,Referral,Dormant buyers
C00397,170.0,2.0,135.04,1.81,0.574,0.011,6.3,54.0,North,Organic,Partner,Dormant buyers
C00351,210.0,2.0,66.16,1.39,0.272,0.071,7.3,46.0,East,Paid social,Partner,Dormant buyers
C00518,80.0,2.0,698.27,4.01,0.041,0.007,9.4,53.0,West,Store,Partner,Premium occasionals
C00571,54.0,4.0,1266.21,4.23,0.083,0.061,8.5,33.0,West,Organic,Social,Premium occasionals
C00025,26.0,16.0,1070.66,10.0,0.268,0.097,8.8,37.0,South,Email,Referral,Loyal regulars
C00389,229.0,2.0,226.84,0.97,0.362,0.097,6.2,42.0,North,Organic,Partner,Dormant buyers
C00123,9.0,18.0,1131.69,8.35,0.103,0.174,8.2,33.0,North,Email,Retail,Loyal regulars
C00194,21.0,3.0,616.64,7.09,0.862,0.188,6.6,21.0,East,Paid social,Retail,Deal explorers
C00107,18.0,16.0,1100.12,8.18,0.205,0.051,9.5,37.0,West,Email,Retail,Loyal regulars
C00510,84.0,4.0,1184.38,3.91,0.003,0.2,6.9,45.0,East,Organic,Social,Premium occasionals
C00091,26.0,17.0,1003.07,,0.15,0.079,8.1,23.0,South,Email,Search,Loyal regulars
C00570,72.0,4.0,1621.18,8.52,0.029,0.172,7.3,45.0,North,Organic,Referral,Premium occasionals
C00276,21.0,5.0,319.58,5.6,0.574,0.12,7.3,38.0,East,Store,Social,Deal explorers
C00299,68.0,3.0,335.68,7.56,0.509,0.085,7.0,30.0,North,Organic,Social,Deal explorers
C00434,267.0,1.0,151.86,0.55,0.269,0.044,5.4,50.0,East,,Partner,Dormant buyers
C00497,108.0,4.0,1301.68,4.94,0.196,0.042,7.0,31.0,North,Store,Retail,Premium occasionals
C00082,9.0,10.0,1172.88,7.78,0.316,0.01,7.9,34.0,South,Email,Search,Loyal regulars
C00061,5.0,23.0,870.85,9.1,0.566,0.09,9.1,47.0,South,Organic,Search,Loyal regulars
C00106,21.0,18.0,1434.66,6.34,0.178,0.254,7.9,49.0,North,Store,Social,Loyal regulars
C00171,23.0,12.0,1414.68,9.14,0.195,0.057,9.6,39.0,South,Paid social,Partner,Loyal regulars
C00278,58.0,3.0,274.89,6.32,0.846,0.203,7.2,39.0,West,Organic,Search,Deal explorers
C00065,6.0,12.0,1181.5,7.68,0.158,0.175,7.5,46.0,East,Email,Social,Loyal regulars
C00573,98.0,2.0,912.18,5.47,0.047,0.013,7.3,46.0,North,Organic,Retail,Premium occasionals
C00375,240.0,1.0,135.78,1.27,0.176,0.232,4.7,70.0,South,Organic,Partner,Dormant buyers
C00075,33.0,16.0,1357.98,7.5,0.038,0.051,8.6,47.0,North,Paid social,Search,Loyal regulars
C00307,72.0,7.0,314.32,8.31,0.782,0.084,6.9,47.0,East,Organic,Retail,Deal explorers
C00286,45.0,7.0,536.04,8.65,0.833,0.184,6.0,41.0,East,Email,Partner,Deal explorers
C00126,36.0,20.0,1149.01,7.71,0.301,0.045,8.4,37.0,North,Email,Partner,Loyal regulars
C00498,48.0,3.0,814.73,4.25,0.061,0.009,8.8,32.0,East,Email,Social,Premium occasionals
C00300,40.0,7.0,479.56,6.58,0.674,0.256,7.6,38.0,East,Email,Partner,Deal explorers
C00412,311.0,1.0,191.38,2.26,0.455,0.053,5.3,61.0,South,Email,Search,Dormant buyers
C00303,57.0,10.0,330.84,6.5,0.658,0.207,6.8,34.0,East,Paid social,Partner,Deal explorers
C00537,45.0,2.0,796.58,4.28,0.011,0.037,6.1,54.0,North,Organic,Partner,Premium occasionals
C00520,126.0,3.0,1239.86,4.47,0.011,0.023,8.1,42.0,North,Email,Search,Premium occasionals
C00524,50.0,3.0,796.75,4.69,0.075,0.036,7.5,37.0,South,Organic,Social,Premium occasionals
C00316,60.0,7.0,437.12,9.06,0.839,0.273,7.8,38.0,North,Paid social,Social,Deal explorers
C00249,69.0,5.0,438.04,8.24,0.598,0.073,8.0,18.0,North,Email,Social,Deal explorers
C00347,193.0,3.0,148.11,0.15,0.423,0.07,6.6,50.0,East,Organic,Social,Dormant buyers
C00163,30.0,16.0,1474.16,7.35,0.099,0.108,7.9,29.0,West,Store,Retail,Loyal regulars
C00251,24.0,4.0,155.86,8.27,0.563,0.145,7.3,18.0,South,Store,Partner,Deal explorers
C00089,7.0,15.0,1064.41,8.65,0.227,0.05,8.8,36.0,East,Email,Social,Loyal regulars
C00053,9.0,20.0,1576.04,9.4,0.127,0.068,9.5,30.0,East,Organic,Retail,Loyal regulars
C00368,294.0,1.0,116.71,2.47,0.283,0.141,5.7,32.0,South,Email,Referral,Dormant buyers
C00508,56.0,2.0,1109.7,2.59,0.101,0.018,7.9,23.0,South,Organic,Referral,Premium occasionals
C00319,45.0,11.0,411.66,7.0,0.414,0.467,5.9,36.0,North,Organic,Search,Deal explorers
C00381,252.0,3.0,125.53,1.66,0.467,0.068,6.9,28.0,East,Email,Search,Dormant buyers
C00485,5.0,1.0,1181.36,3.33,0.07,0.099,8.5,27.0,North,Organic,Partner,Premium occasionals
C00544,55.0,5.0,1329.41,3.71,0.12,0.008,7.9,45.0,North,Store,Referral,Premium occasionals
C00138,41.0,15.0,761.91,7.96,0.171,0.044,9.0,35.0,North,Organic,Partner,Loyal regulars
C00536,76.0,2.0,1134.48,3.62,0.001,0.008,8.6,43.0,North,Store,Retail,Premium occasionals
C00551,74.0,5.0,892.96,2.33,0.12,0.019,7.2,50.0,West,Paid social,Social,Premium occasionals
C00047,46.0,13.0,1172.85,8.14,0.141,0.202,7.1,43.0,South,Organic,Social,Loyal regulars
C00396,117.0,2.0,207.39,1.66,0.299,0.132,5.1,38.0,East,Organic,Referral,Dormant buyers
C00547,79.0,2.0,1139.98,4.47,0.144,0.033,8.6,35.0,East,Organic,Search,Premium occasionals
C00054,31.0,19.0,959.3,7.15,0.184,0.16,9.6,35.0,North,Email,Social,Loyal regulars
C00141,38.0,13.0,1585.11,7.77,0.043,0.04,9.0,30.0,East,Email,Retail,Loyal regulars
C00342,162.0,2.0,24.76,3.18,0.387,0.048,6.8,44.0,North,Organic,Partner,Dormant buyers
C00181,85.0,1.0,450.01,6.19,0.726,0.1,7.5,23.0,North,Email,Partner,Deal explorers
C00005,26.0,17.0,1318.09,10.0,0.207,0.071,9.9,21.0,West,Organic,Social,Loyal regulars
C00583,178.0,4.0,764.78,3.15,0.049,0.153,7.9,64.0,East,,Referral,Premium occasionals
C00327,51.0,4.0,431.53,8.45,0.385,0.038,8.6,26.0,North,Paid social,Search,Deal explorers
C00066,35.0,17.0,770.98,8.3,0.026,0.048,8.0,50.0,East,Email,Search,Loyal regulars
C00557,93.0,2.0,1619.94,6.37,0.095,0.017,7.6,51.0,West,Paid social,Partner,Premium occasionals
C00445,105.0,3.0,34.42,2.52,0.429,0.079,5.4,27.0,East,Organic,Search,Dormant buyers
C00170,36.0,18.0,1059.49,9.87,0.227,0.029,8.4,34.0,East,Email,Social,Loyal regulars
C00359,165.0,2.0,79.09,1.37,0.436,0.075,5.5,18.0,West,Organic,Search,Dormant buyers
C00348,144.0,1.0,124.19,0.39,0.092,0.151,6.0,46.0,East,Store,Retail,Dormant buyers
C00428,196.0,3.0,150.42,2.06,0.581,0.243,5.9,48.0,South,Email,Retail,Dormant buyers
C00350,192.0,3.0,20.0,1.98,0.259,0.035,7.3,27.0,East,Organic,Partner,Dormant buyers
C00279,85.0,8.0,468.43,8.63,0.885,0.136,6.0,48.0,West,Organic,Partner,Deal explorers
C00383,236.0,4.0,105.2,3.27,0.446,0.059,6.0,59.0,North,Email,Referral,Dormant buyers
C00399,349.0,2.0,72.47,0.69,0.132,0.034,5.5,49.0,North,Email,Search,Dormant buyers
C00027,9.0,13.0,894.31,9.54,0.208,0.006,6.2,24.0,North,Email,Referral,Loyal regulars
C00179,19.0,16.0,1031.57,8.56,0.176,0.072,7.5,29.0,West,Organic,Referral,Loyal regulars
C00545,10.0,3.0,1032.97,5.11,0.068,0.013,8.3,43.0,West,Organic,Social,Premium occasionals
C00403,277.0,2.0,20.0,2.01,0.346,0.118,6.3,27.0,South,Email,Search,Dormant buyers
C00164,6.0,16.0,1105.85,8.62,0.243,0.218,8.5,26.0,West,Email,Referral,Loyal regulars
C00598,61.0,3.0,1458.34,4.76,0.12,0.097,6.8,27.0,South,Organic,Partner,Premium occasionals
C00572,27.0,5.0,1917.58,6.28,0.042,0.031,8.0,39.0,East,Store,Partner,Premium occasionals
C00538,101.0,3.0,1059.21,3.89,0.047,0.012,8.2,42.0,South,Organic,Social,Premium occasionals
C00218,27.0,3.0,389.54,7.03,0.652,0.156,8.1,38.0,North,Paid social,Retail,Deal explorers
C00400,187.0,2.0,109.92,2.36,0.283,0.258,5.9,46.0,North,Paid social,Partner,Dormant buyers
C00556,44.0,2.0,1517.82,4.73,0.059,0.028,9.1,26.0,West,Paid social,Search,Premium occasionals
C00465,274.0,1.0,203.03,,0.226,0.042,5.2,45.0,South,Email,Search,Dormant buyers
C00456,227.0,2.0,131.92,0.16,0.218,0.012,6.5,36.0,West,Organic,Retail,Dormant buyers
C00150,20.0,20.0,1291.24,8.61,0.586,0.062,7.5,46.0,North,Email,Partner,Loyal regulars
C00494,53.0,2.0,1840.33,2.44,0.125,0.01,8.3,41.0,South,,Search,Premium occasionals
C00309,76.0,6.0,339.7,8.17,0.763,0.071,7.2,34.0,South,Paid social,Social,Deal explorers
C00586,64.0,4.0,1452.37,3.24,0.249,0.064,7.8,50.0,South,Store,Partner,Premium occasionals
C00311,57.0,9.0,348.77,8.6,0.749,0.059,6.7,30.0,East,Paid social,Partner,Deal explorers
C00035,6.0,15.0,1208.13,8.51,0.255,0.034,8.3,43.0,East,Organic,Partner,Loyal regulars
C00525,90.0,3.0,1434.63,3.08,0.1,0.115,6.8,41.0,West,Store,Partner,Premium occasionals
C00111,8.0,16.0,1327.58,7.9,0.116,0.091,8.3,24.0,North,Email,Social,Loyal regulars
C00228,104.0,2.0,612.57,9.02,0.643,0.2,7.1,38.0,South,Store,Partner,Deal explorers
C00421,198.0,3.0,37.61,2.31,0.237,0.136,7.0,48.0,North,Store,Social,Dormant buyers
C00522,100.0,4.0,1585.97,2.96,0.118,0.03,7.8,50.0,North,Store,Partner,Premium occasionals
C00429,192.0,3.0,95.81,0.0,0.123,0.061,5.3,34.0,South,Email,Partner,Dormant buyers
C00534,73.0,4.0,1232.7,3.66,0.002,0.007,8.0,27.0,North,Store,Partner,Premium occasionals
C00151,4.0,13.0,1132.15,8.36,0.031,0.174,8.0,49.0,North,Email,Social,Loyal regulars
C00143,19.0,16.0,765.04,8.3,0.121,0.042,7.4,36.0,West,Organic,Partner,Loyal regulars
C00296,97.0,6.0,268.17,7.4,0.685,0.268,6.1,22.0,West,Paid social,Social,Deal explorers
C00377,377.0,3.0,44.79,2.82,0.45,0.167,5.1,53.0,West,Organic,Retail,Dormant buyers
C00272,32.0,6.0,200.59,6.75,0.468,0.062,7.2,39.0,West,Store,Partner,Deal explorers
C00533,50.0,3.0,1354.82,2.51,0.015,0.019,8.1,46.0,West,Store,Social,Premium occasionals
C00437,193.0,2.0,44.81,2.12,0.182,0.111,6.4,42.0,East,Paid social,Referral,Dormant buyers
C00001,8.0,18.0,1573.07,7.46,0.066,0.018,7.2,49.0,South,Email,Referral,Loyal regulars
C00336,206.0,3.0,100.8,0.84,0.303,0.088,5.5,31.0,North,Organic,Partner,Dormant buyers
C00401,279.0,4.0,103.33,0.58,0.363,0.017,5.6,47.0,North,Paid social,Social,Dormant buyers
C00304,68.0,2.0,281.54,9.34,0.774,0.316,6.3,41.0,East,Paid social,Partner,Deal explorers
C00175,7.0,18.0,767.05,6.98,0.52,0.011,9.1,23.0,East,Email,Search,Loyal regulars
C00596,103.0,3.0,657.99,5.53,0.028,0.007,8.2,18.0,North,Organic,Referral,Premium occasionals
C00177,37.0,12.0,941.94,9.77,0.084,0.037,8.0,18.0,South,Organic,Search,Loyal regulars
C00480,354.0,2.0,225.76,0.43,0.591,0.136,5.2,28.0,South,Email,Retail,Dormant buyers
C00526,46.0,2.0,1616.38,5.21,0.091,0.003,7.2,43.0,East,Paid social,Partner,Premium occasionals
C00302,17.0,6.0,329.51,5.83,0.907,0.082,8.1,29.0,West,Email,Partner,Deal explorers
C00223,70.0,4.0,446.76,9.88,0.731,0.132,6.3,25.0,South,Paid social,Social,Deal explorers
C00241,53.0,4.0,206.13,5.17,0.817,0.091,8.2,34.0,West,Store,Referral,Deal explorers
C00156,0.0,14.0,908.51,9.15,0.168,0.087,8.8,40.0,North,Email,Search,Loyal regulars
C00346,245.0,1.0,46.6,2.5,0.557,0.139,5.1,39.0,North,Store,Search,Dormant buyers
C00543,47.0,3.0,1335.04,4.94,0.109,0.132,8.6,23.0,East,Store,Referral,Premium occasionals
C00288,36.0,7.0,702.47,5.05,0.863,0.123,7.7,24.0,South,Paid social,Referral,Deal explorers
C00500,0.0,3.0,1711.57,,0.118,0.046,8.2,61.0,West,Email,Search,Premium occasionals
C00186,62.0,4.0,356.92,8.81,0.953,0.251,7.9,30.0,South,Store,Partner,Deal explorers
C00238,45.0,6.0,451.72,9.21,0.866,0.106,7.5,31.0,East,Paid social,Social,Deal explorers
C00147,38.0,12.0,1379.01,,0.043,0.173,7.5,42.0,South,Email,Retail,Loyal regulars
C00404,355.0,3.0,58.13,2.66,0.137,0.033,6.3,35.0,East,Email,Partner,Dormant buyers
C00341,187.0,2.0,78.91,4.38,0.309,0.121,5.4,32.0,South,Email,Social,Dormant buyers
C00450,209.0,2.0,194.19,3.38,0.373,0.051,7.1,41.0,North,Email,Retail,Dormant buyers
C00343,148.0,1.0,27.01,1.71,0.348,0.203,5.4,53.0,South,Paid social,Social,Dormant buyers
C00451,240.0,3.0,130.76,1.44,0.407,0.17,5.0,33.0,West,Email,Social,Dormant buyers
C00105,36.0,22.0,1005.24,7.39,0.111,0.074,8.6,41.0,West,Store,Referral,Loyal regulars
C00411,229.0,2.0,189.45,2.56,0.528,0.027,5.4,55.0,North,Paid social,Partner,Dormant buyers
C00010,15.0,17.0,849.13,5.75,0.1,0.062,7.7,50.0,South,Organic,Social,Loyal regulars
C00511,134.0,4.0,1105.14,4.71,0.049,0.02,7.7,57.0,West,Email,Social,Premium occasionals
C00507,159.0,4.0,1230.89,5.03,0.055,0.009,6.6,56.0,North,Store,Referral,Premium occasionals
C00167,28.0,17.0,698.46,,0.11,0.058,8.5,49.0,South,Store,Partner,Loyal regulars
C00148,25.0,14.0,551.38,6.98,0.073,0.086,9.0,45.0,North,Store,Partner,Loyal regulars
C00490,53.0,3.0,1761.6,5.59,0.092,0.161,8.2,40.0,South,Email,Retail,Premium occasionals
C00014,17.0,16.0,1529.49,6.23,0.238,0.015,8.9,52.0,North,Email,Retail,Loyal regulars
C00431,114.0,3.0,79.48,2.59,0.158,0.073,6.4,27.0,West,Paid social,Partner,Dormant buyers
C00121,33.0,15.0,679.91,7.19,0.456,0.199,8.8,35.0,North,Organic,Search,Loyal regulars
C00459,380.0,2.0,168.7,3.01,0.389,0.171,6.9,27.0,South,Email,Referral,Dormant buyers
C00224,25.0,4.0,625.01,5.78,0.662,0.018,7.5,37.0,East,Paid social,Partner,Deal explorers
C00546,66.0,3.0,1639.76,4.21,0.067,0.032,7.9,63.0,East,Paid social,Partner,Premium occasionals
C00287,22.0,9.0,202.91,6.21,0.867,0.241,5.8,26.0,North,Organic,Partner,Deal explorers
C00239,84.0,6.0,83.15,6.98,0.581,0.135,7.8,30.0,West,Paid social,Social,Deal explorers
C00244,72.0,6.0,367.0,8.0,0.67,0.073,6.5,18.0,West,Paid social,Social,Deal explorers
C00037,11.0,13.0,975.94,7.66,0.176,0.068,8.5,33.0,East,Email,Retail,Loyal regulars
C00229,23.0,8.0,423.92,8.07,0.647,0.095,6.8,48.0,South,Paid social,Partner,Deal explorers
C00069,2.0,15.0,1236.78,8.37,0.202,0.195,8.8,61.0,South,Email,Social,Loyal regulars
C00233,97.0,7.0,362.08,5.93,0.522,0.189,6.9,32.0,South,Paid social,Partner,Deal explorers
C00268,52.0,6.0,181.51,7.25,0.43,0.122,6.4,18.0,East,Store,Social,Deal explorers
C00353,305.0,2.0,251.08,1.39,0.588,0.048,5.9,51.0,South,Paid social,Partner,Dormant buyers
C00597,0.0,4.0,2018.0,4.71,0.073,0.07,7.0,48.0,East,Organic,Retail,Premium occasionals
C00282,58.0,5.0,276.96,7.19,0.549,0.165,9.5,28.0,East,Organic,Partner,Deal explorers
C00119,30.0,17.0,770.09,6.35,0.088,0.129,8.5,33.0,East,Email,Search,Loyal regulars
C00130,4.0,12.0,761.39,7.67,0.132,0.097,8.4,47.0,North,Store,Referral,Loyal regulars
C00314,36.0,5.0,488.86,7.79,0.837,0.135,7.6,18.0,West,Email,Social,Deal explorers
C00083,19.0,10.0,1238.42,8.56,0.296,0.2,8.8,36.0,North,Email,Referral,Loyal regulars
C00180,43.0,12.0,1113.09,6.5,0.082,0.029,8.2,33.0,South,Store,Retail,Loyal regulars
C00213,73.0,3.0,404.18,4.93,0.737,0.142,7.1,35.0,East,Email,Retail,Deal explorers
C00438,386.0,2.0,190.26,0.81,0.453,0.142,7.1,36.0,South,Paid social,Referral,Dormant buyers
C00398,280.0,2.0,94.61,1.43,0.377,0.09,5.4,47.0,South,Paid social,Partner,Dormant buyers
C00068,21.0,11.0,745.52,10.0,0.248,0.14,8.4,40.0,West,Email,Social,Loyal regulars
C00448,340.0,2.0,150.26,2.11,0.283,0.035,4.2,41.0,South,Email,Social,Dormant buyers
C00582,74.0,3.0,1282.25,2.32,0.263,0.068,8.2,45.0,South,Email,Social,Premium occasionals
C00046,27.0,14.0,1146.67,8.28,0.371,0.033,9.4,39.0,South,Paid social,Referral,Loyal regulars
C00495,9.0,2.0,1240.83,4.06,0.029,0.065,8.3,35.0,East,,Referral,Premium occasionals
C00298,71.0,6.0,371.28,6.57,0.604,0.226,7.0,34.0,West,Organic,Partner,Deal explorers
C00408,289.0,4.0,277.56,0.0,0.129,0.141,6.1,26.0,East,Paid social,Partner,Dormant buyers
C00242,51.0,8.0,388.57,7.58,0.916,0.098,6.7,39.0,North,Organic,Partner,Deal explorers
C00581,0.0,3.0,832.31,4.16,0.023,0.028,7.9,41.0,East,Email,Search,Premium occasionals
C00423,224.0,3.0,105.75,1.43,0.539,0.285,4.4,45.0,East,Organic,Referral,Dormant buyers
C00193,29.0,7.0,546.62,7.42,0.707,0.035,6.4,33.0,East,Paid social,Retail,Deal explorers
C00225,47.0,7.0,522.16,9.55,0.485,0.092,6.1,36.0,South,Store,Partner,Deal explorers
C00154,7.0,12.0,1058.45,6.83,0.004,0.035,8.1,34.0,West,Organic,Referral,Loyal regulars
C00519,15.0,2.0,1617.98,3.18,0.336,0.006,9.2,35.0,East,Organic,Social,Premium occasionals
C00363,151.0,1.0,216.64,3.97,0.644,0.145,5.5,25.0,North,Paid social,Social,Dormant buyers
C00188,95.0,7.0,343.58,6.97,0.633,0.388,7.7,44.0,West,Organic,Social,Deal explorers
C00455,189.0,3.0,151.67,2.46,0.056,0.136,4.9,44.0,West,Email,Retail,Dormant buyers
C00435,223.0,1.0,152.52,2.15,0.343,0.051,5.1,28.0,East,Email,Referral,Dormant buyers
C00094,1.0,16.0,1051.64,8.17,0.092,0.086,9.0,50.0,North,Organic,Social,Loyal regulars
C00369,160.0,1.0,20.0,3.54,0.561,0.051,6.2,50.0,East,Store,Social,Dormant buyers
C00124,32.0,20.0,1273.93,9.35,0.288,0.031,8.2,30.0,North,Organic,Retail,Loyal regulars
C00326,38.0,8.0,480.87,8.95,0.941,0.18,6.0,42.0,West,Paid social,Retail,Deal explorers
C00168,28.0,15.0,1002.65,9.03,0.053,0.045,8.8,45.0,East,Email,Partner,Loyal regulars
C00060,11.0,21.0,1245.27,9.67,0.314,0.09,9.6,45.0,West,Store,Partner,Loyal regulars
C00475,205.0,2.0,156.4,0.42,0.494,0.076,6.3,38.0,East,Store,Search,Dormant buyers
C00049,51.0,12.0,848.07,9.11,0.109,0.097,7.4,52.0,South,Paid social,Search,Loyal regulars
C00393,190.0,4.0,122.71,0.65,0.187,0.065,6.8,43.0,West,Store,Referral,Dormant buyers
C00449,378.0,3.0,163.56,1.25,0.08,0.069,6.1,44.0,East,Email,Search,Dormant buyers
C00232,73.0,6.0,574.54,8.64,0.894,0.042,7.4,39.0,East,Organic,Referral,Deal explorers
C00417,345.0,2.0,141.68,1.81,0.519,0.169,4.7,43.0,East,Email,Retail,Dormant buyers
C00472,173.0,2.0,199.79,2.79,0.127,0.081,5.9,40.0,East,Store,Referral,Dormant buyers
C00394,237.0,3.0,51.9,1.19,0.363,0.039,6.8,31.0,South,Email,Retail,Dormant buyers
C00203,45.0,6.0,418.81,9.52,0.827,0.3,6.9,49.0,South,Organic,Social,Deal explorers
C00220,30.0,5.0,144.89,6.48,0.983,0.092,5.3,38.0,South,Organic,Referral,Deal explorers
C00052,29.0,20.0,1024.98,9.34,0.198,0.2,7.5,45.0,East,Store,Partner,Loyal regulars
C00118,28.0,24.0,801.08,8.75,0.099,0.012,8.6,36.0,West,Email,Referral,Loyal regulars
C00447,197.0,3.0,122.3,3.85,0.19,0.077,5.7,50.0,West,Email,Search,Dormant buyers
C00317,82.0,4.0,466.59,7.82,0.683,0.078,6.3,37.0,East,Organic,Referral,Deal explorers
C00071,0.0,18.0,1432.42,6.41,0.057,0.001,6.6,50.0,East,Email,Search,Loyal regulars
C00320,56.0,8.0,194.44,,0.851,0.105,6.7,18.0,West,Paid social,Retail,Deal explorers
C00379,200.0,2.0,58.58,3.12,0.451,0.082,6.1,40.0,North,Paid social,Referral,Dormant buyers
C00021,12.0,15.0,1409.05,10.0,0.137,0.014,10.0,26.0,North,Store,Social,Loyal regulars
C00470,265.0,2.0,93.09,2.57,0.525,0.066,5.9,25.0,West,Organic,Referral,Dormant buyers
C00210,31.0,5.0,430.03,6.52,0.643,0.137,6.8,22.0,North,Organic,Retail,Deal explorers
C00267,18.0,5.0,652.8,6.2,0.869,0.178,5.8,50.0,West,Email,Retail,Deal explorers
C00064,0.0,12.0,867.51,6.01,0.134,0.046,8.8,45.0,East,Email,Partner,Loyal regulars
C00585,121.0,4.0,1042.34,4.18,0.216,0.08,9.0,34.0,South,Organic,Retail,Premium occasionals
C00098,21.0,18.0,1007.79,9.2,0.137,0.132,7.8,29.0,South,Email,Referral,Loyal regulars
C00090,27.0,15.0,1078.55,9.2,0.097,0.014,9.8,53.0,East,Store,Search,Loyal regulars
C00172,25.0,19.0,1279.86,9.37,0.042,0.153,8.4,27.0,North,Store,Partner,Loyal regulars
C00471,235.0,2.0,20.0,2.99,0.209,0.09,5.8,29.0,West,Store,Referral,Dormant buyers
C00474,264.0,1.0,186.86,0.25,0.164,0.014,6.0,35.0,East,Email,Partner,Dormant buyers
C00273,35.0,8.0,392.46,6.87,0.943,0.174,6.8,38.0,East,Store,Referral,Deal explorers
C00329,65.0,5.0,569.26,5.88,0.867,0.137,7.6,18.0,East,Paid social,Retail,Deal explorers
C00384,381.0,4.0,118.07,2.06,0.199,0.072,5.5,33.0,South,Paid social,Referral,Dormant buyers
C00109,24.0,16.0,691.99,6.24,0.129,0.064,8.3,20.0,West,Email,Social,Loyal regulars
C00033,29.0,18.0,621.35,7.67,0.176,0.142,7.5,59.0,East,Store,Retail,Loyal regulars
C00125,27.0,15.0,750.89,7.81,0.107,0.03,9.1,40.0,West,Organic,Social,Loyal regulars
C00503,50.0,4.0,1066.59,5.08,0.178,0.116,6.6,41.0,East,Organic,Retail,Premium occasionals
C00183,27.0,6.0,296.69,8.79,0.591,0.116,6.2,37.0,West,Paid social,Search,Deal explorers
C00257,24.0,10.0,455.97,7.85,0.74,0.318,7.2,30.0,North,Email,Referral,Deal explorers
C00099,4.0,12.0,1008.73,8.89,0.04,0.083,9.3,29.0,West,Organic,Social,Loyal regulars
C00509,95.0,5.0,864.84,4.37,0.182,0.058,8.4,59.0,South,Email,Partner,Premium occasionals
C00023,15.0,15.0,464.26,5.67,0.139,0.082,8.6,30.0,East,Email,Partner,Loyal regulars
C00039,25.0,10.0,1101.95,8.13,0.366,0.031,8.1,36.0,North,Paid social,Referral,Loyal regulars
C00096,44.0,14.0,632.88,7.08,0.161,0.067,10.0,31.0,East,Paid social,Referral,Loyal regulars
C00354,231.0,1.0,81.7,3.11,0.356,0.121,4.7,18.0,West,Store,Search,Dormant buyers
C00265,62.0,6.0,444.06,8.19,0.728,0.162,6.1,57.0,West,Organic,Partner,Deal explorers
C00340,159.0,2.0,81.65,2.33,0.438,0.136,6.8,19.0,South,Paid social,Search,Dormant buyers
C00420,251.0,2.0,219.78,0.42,0.302,0.036,6.7,40.0,West,Store,Partner,Dormant buyers
C00086,2.0,13.0,1095.75,7.32,0.178,0.072,8.3,51.0,West,Organic,Referral,Loyal regulars
C00370,232.0,1.0,20.0,2.03,0.162,0.033,6.8,29.0,North,Organic,Partner,Dormant buyers
C00270,39.0,7.0,479.72,5.88,0.589,0.188,8.4,27.0,East,Email,Partner,Deal explorers
C00419,140.0,2.0,118.94,2.87,0.34,0.109,5.5,26.0,West,Email,Referral,Dormant buyers
C00402,150.0,3.0,58.66,2.53,0.239,0.099,4.5,41.0,West,Email,Retail,Dormant buyers
C00230,62.0,8.0,207.49,7.82,0.725,0.133,7.4,19.0,South,Email,Search,Deal explorers
C00034,33.0,12.0,1430.1,8.14,0.132,0.024,9.3,43.0,East,Email,Social,Loyal regulars
C00433,247.0,1.0,27.65,2.28,0.302,0.026,5.8,18.0,South,Store,Retail,Dormant buyers
C00216,60.0,5.0,384.86,7.82,0.842,0.24,6.6,44.0,West,Store,Retail,Deal explorers
C00576,68.0,4.0,1350.56,3.19,0.175,0.008,7.9,45.0,North,Email,Referral,Premium occasionals
C00365,295.0,1.0,156.11,0.55,0.336,0.095,4.8,38.0,South,Email,Referral,Dormant buyers
C00360,230.0,1.0,79.9,0.36,0.453,0.029,4.5,33.0,West,Organic,Search,Dormant buyers
C00271,39.0,6.0,381.57,4.5,0.564,0.384,7.5,35.0,East,Paid social,Search,Deal explorers
C00564,65.0,2.0,1103.27,6.5,0.035,0.036,7.1,64.0,West,Email,Referral,Premium occasionals
C00070,20.0,16.0,1820.74,8.44,0.181,0.001,9.2,43.0,North,Store,Referral,Loyal regulars
C00515,86.0,4.0,1832.22,5.07,0.238,0.048,6.3,55.0,South,Email,Referral,Premium occasionals
C00020,0.0,15.0,1281.71,8.06,0.216,0.057,10.0,44.0,South,Organic,Search,Loyal regulars
C00501,22.0,2.0,1605.31,3.21,0.015,0.051,7.3,41.0,North,Organic,Referral,Premium occasionals
C00189,53.0,6.0,463.15,5.93,0.601,0.064,7.1,24.0,North,Organic,Social,Deal explorers
C00113,19.0,16.0,1088.82,8.22,0.245,0.095,9.6,51.0,East,Store,Referral,Loyal regulars
C00308,35.0,5.0,288.42,8.94,0.841,0.128,7.4,41.0,North,Store,Referral,Deal explorers
C00479,215.0,1.0,117.48,0.06,0.209,0.169,6.4,20.0,East,Store,Retail,Dormant buyers
C00253,34.0,7.0,370.21,5.69,0.288,0.096,8.0,32.0,South,Paid social,Social,Deal explorers
C00335,163.0,2.0,37.74,3.19,0.472,0.007,4.6,18.0,North,Organic,Referral,Dormant buyers
C00588,58.0,4.0,1134.82,5.66,0.05,0.063,7.1,39.0,West,Organic,Social,Premium occasionals
C00044,37.0,13.0,1215.67,6.52,0.066,0.067,8.1,33.0,North,Email,Search,Loyal regulars
C00580,61.0,4.0,1491.39,2.94,0.016,0.027,8.1,60.0,South,Store,Partner,Premium occasionals
C00067,10.0,15.0,1074.67,7.99,0.058,0.005,8.9,37.0,South,Paid social,Search,Loyal regulars
C00162,56.0,16.0,952.3,7.48,0.332,0.067,8.3,32.0,South,Store,Retail,Loyal regulars
C00560,63.0,2.0,1402.07,2.94,0.146,0.116,7.8,34.0,North,Paid social,Referral,Premium occasionals
C00392,360.0,4.0,187.4,2.06,0.186,0.068,5.3,46.0,East,Organic,Retail,Dormant buyers
C00527,20.0,1.0,1067.04,4.57,0.317,0.184,8.1,34.0,South,Paid social,Referral,Premium occasionals
C00140,0.0,13.0,1432.87,10.0,0.197,0.021,7.8,20.0,East,Email,Search,Loyal regulars
C00076,24.0,12.0,1027.02,8.14,0.318,0.073,8.4,51.0,West,Organic,Search,Loyal regulars
C00080,16.0,11.0,569.43,8.77,0.162,0.03,8.4,47.0,West,Email,Referral,Loyal regulars
C00535,87.0,4.0,974.39,2.11,0.0,0.08,7.6,56.0,West,Organic,Retail,Premium occasionals
C00059,35.0,16.0,1188.57,7.47,0.339,0.005,8.7,33.0,North,Organic,Referral,Loyal regulars
C00366,209.0,1.0,118.21,0.38,0.223,0.172,6.0,46.0,West,Email,Retail,Dormant buyers
C00289,58.0,8.0,466.08,4.67,0.698,0.108,8.2,18.0,West,Paid social,Referral,Deal explorers
C00587,44.0,3.0,1154.35,3.98,0.018,0.247,6.7,43.0,East,Store,Retail,Premium occasionals
C00074,10.0,15.0,1148.87,10.0,0.004,0.147,8.5,46.0,North,Email,Social,Loyal regulars
C00260,78.0,5.0,501.4,7.52,0.745,0.082,6.8,33.0,West,Email,Retail,Deal explorers
C00312,74.0,6.0,292.08,5.72,0.467,0.185,7.6,26.0,East,Paid social,Partner,Deal explorers
C00217,57.0,3.0,439.16,8.44,0.578,0.184,7.9,55.0,West,Paid social,Search,Deal explorers
C00292,60.0,6.0,167.62,6.39,0.649,0.069,8.5,43.0,East,Email,Retail,Deal explorers
C00227,72.0,7.0,476.78,5.86,0.887,0.24,7.2,18.0,South,Paid social,Search,Deal explorers
C00468,232.0,3.0,146.72,0.99,0.395,0.034,7.1,38.0,South,Paid social,Referral,Dormant buyers
C00050,59.0,14.0,800.58,7.16,0.171,0.097,8.7,68.0,East,Email,Retail,Loyal regulars
C00153,17.0,16.0,1189.16,7.99,0.21,0.034,8.6,22.0,West,Paid social,Social,Loyal regulars
C00482,51.0,2.0,1350.39,5.03,0.005,0.054,7.4,47.0,North,Store,Referral,Premium occasionals
C00293,42.0,4.0,447.87,6.77,0.715,0.1,6.7,28.0,West,Store,Referral,Deal explorers
C00516,92.0,4.0,1301.83,3.3,0.396,0.024,8.4,38.0,West,Paid social,Partner,Premium occasionals
C00246,51.0,8.0,150.39,6.54,0.627,0.1,6.7,39.0,South,Paid social,Search,Deal explorers
C00297,1.0,8.0,20.0,8.03,0.405,0.161,6.9,53.0,South,Email,Referral,Deal explorers
C00250,83.0,5.0,421.01,7.41,0.543,0.124,8.0,39.0,East,Paid social,Partner,Deal explorers
C00352,258.0,1.0,163.37,2.39,0.357,0.133,7.6,47.0,South,Store,Retail,Dormant buyers
C00362,164.0,1.0,287.0,1.25,0.298,0.08,6.9,34.0,South,Store,Partner,Dormant buyers
C00414,209.0,2.0,87.2,2.45,0.41,0.08,6.4,45.0,South,Organic,Social,Dormant buyers
C00464,150.0,1.0,75.56,1.36,0.515,0.052,6.0,38.0,South,Store,Referral,Dormant buyers
C00048,7.0,13.0,1488.92,5.55,0.094,0.105,8.0,40.0,East,Email,Search,Loyal regulars
C00117,4.0,16.0,1163.89,,0.256,0.057,9.6,40.0,South,Organic,Search,Loyal regulars
C00202,24.0,5.0,487.64,9.74,0.77,0.186,6.5,39.0,South,Organic,Partner,Deal explorers
C00018,25.0,16.0,1277.33,7.22,0.237,0.042,8.9,31.0,South,Email,Social,Loyal regulars
C00325,77.0,10.0,330.63,9.0,0.733,0.107,8.1,29.0,East,Organic,Partner,Deal explorers
C00026,42.0,18.0,1124.56,,0.025,0.025,9.6,38.0,South,Email,Search,Loyal regulars
C00295,13.0,11.0,505.74,5.33,0.549,0.18,6.7,45.0,East,Email,Retail,Deal explorers
C00418,279.0,2.0,103.8,1.52,0.339,0.165,5.8,57.0,South,Paid social,Social,Dormant buyers
C00136,45.0,13.0,241.03,5.08,0.289,0.144,7.9,41.0,South,Organic,Retail,Loyal regulars
C00481,144.0,5.0,1688.9,,0.068,0.009,6.3,50.0,North,Email,Social,Premium occasionals
C00028,36.0,17.0,989.52,9.33,0.172,0.152,7.6,43.0,South,Email,Retail,Loyal regulars
C00439,184.0,2.0,158.95,1.36,0.161,0.373,4.4,28.0,South,Email,Partner,Dormant buyers
C00029,2.0,17.0,1195.27,9.43,0.176,0.092,9.7,36.0,West,Organic,Retail,Loyal regulars
C00436,222.0,2.0,20.0,,0.092,0.064,4.3,30.0,South,Paid social,Referral,Dormant buyers
C00413,372.0,1.0,172.29,0.15,0.29,0.023,5.3,25.0,West,Email,Retail,Dormant buyers
C00542,107.0,1.0,1236.18,4.58,0.125,0.098,7.6,58.0,West,Organic,Retail,Premium occasionals
C00334,320.0,2.0,180.51,0.78,0.208,0.108,7.7,39.0,North,Store,Social,Dormant buyers
C00078,10.0,22.0,609.47,8.79,0.327,0.044,8.0,33.0,East,Email,Partner,Loyal regulars
C00391,205.0,2.0,20.0,2.09,0.085,0.041,6.3,33.0,North,Organic,Social,Dormant buyers
C00258,104.0,3.0,322.27,6.05,0.872,0.096,6.9,27.0,North,Email,Referral,Deal explorers
